Jsc,Voc,FF,Efficiency,Rs,Rp,Rate,Temp,Class
10.71,185.67,33.44,0.66,9.7,19.37,200,450,3
11.4,248.53,38.53,1.09,8.92,45.23,200,450,3
11.51,275.06,44.53,1.41,7.35,106.44,200,450,3
10.62,250.27,39.18,1.04,9.41,57.29,200,450,3
10.85,276.9,42.83,1.29,8.81,91.59,200,450,3
10.81,278.47,40.37,1.22,10.85,74.12,200,450,3
10.66,279.43,36.04,1.07,16.24,56.14,200,450,3
10.37,272.72,48.98,1.39,6.25,180.68,200,450,3
10.85,281.2,41.53,1.27,9.71,77.61,200,450,3
10.59,281.95,38.26,1.14,13.69,64.8,200,450,3
10.4,280.94,33.29,0.97,21.22,42.37,200,450,3
10.77,275.15,48.31,1.43,6.28,158.69,200,450,3
8.49,374.57,56.92,1.81,10.16,661.33,200,500,3
8.5,374.94,57.64,1.84,9.43,643.58,200,500,3
8.74,377.42,57.71,1.9,9.25,650.02,200,500,3
8.28,348.86,57.81,1.67,7.65,512.82,200,500,3
8.29,363.91,57.45,1.73,8.58,512.3,200,500,3
8.41,367.31,57.94,1.79,8.48,542.26,200,500,3
10.34,401.43,53.9,2.24,12.85,710.78,200,550,3
10.24,400.19,53.67,2.2,12.84,697.65,200,550,3
10.31,402.98,53.59,2.23,13.22,714.49,200,550,3
10.75,399.99,51.74,2.23,13.65,533.54,200,550,3
10.56,400.84,56.09,2.37,10.8,721.43,200,550,3
10.5,403.3,56.55,2.39,10.51,719.17,200,550,3
10.6,405.37,56.24,2.42,11.11,766,200,550,3
10.99,408,54.65,2.45,12.53,759.68,200,550,3
13.19,428.55,57.23,3.23,7.38,1402.14,200,600,3
13.17,441.09,60.87,3.54,6.69,1762.5,200,600,3
13.12,440.89,60.08,3.47,7.35,1754.22,200,600,3
12.96,440.11,59.66,3.4,7.53,1582.25,200,600,3
13.11,424,53.17,2.96,9.55,1148.68,200,600,3
13.08,426.13,55.2,3.08,8.52,1276.39,200,600,3
13.04,429.32,57.38,3.21,7.49,1372.89,200,600,3
12.94,442.45,59.19,3.39,7.65,1691.95,200,600,3
13.82,484.45,64.18,4.3,6.67,3312.75,200,650,3
13.87,482.47,64.13,4.29,6.51,3238.56,200,650,3
13.72,480.01,63.95,4.21,6.5,3086.54,200,650,3
13.15,457.12,62.97,3.79,5.54,2220.54,200,650,3
13.43,471.85,62.39,3.95,7.1,2596.76,200,650,3
13.47,479.02,64.84,4.18,6.2,2983.74,200,650,3
13.4,478.43,64.94,4.16,6.24,3183.02,200,650,3
12.77,448.72,63.58,3.64,5.31,1878.89,200,650,3
22.44,445.61,42.66,4.27,7.97,43.73,200,700,3
12.13,474.29,60.41,3.47,10.66,3085.31,200,700,3
12.04,470.3,60.58,3.43,10.05,2590.3,200,700,3
10.43,446.69,59.15,2.76,9.99,1717.04,200,700,3
11.79,464.74,59.45,3.26,11.01,2669.23,200,700,3
11.77,462.76,59.72,3.25,10.1,2448.28,200,700,3
11.65,463.28,61.24,3.31,9.12,2454.54,200,700,3
10.44,449.78,59.88,2.81,10.18,1911.77,200,700,3
0.63,6.32,0,0,10.07,0.05,200,450,4
1.13,14.98,22.54,0,13.19,0.02,200,450,4
1.1,69.93,24.13,0.02,66.23,3.96,200,450,4
1.02,67.34,24.48,0.02,67.47,2.97,200,450,4
0.86,65.31,24.98,0.01,75.17,0.63,200,450,4
0.83,67.19,24.04,0.01,85.52,7.77,200,450,4
0.86,66.83,24.07,0.01,83.77,9.64,200,450,4
0.8,64.86,24.2,0.01,84.54,7.1,200,450,4
6.07,109.66,28.85,0.19,13.16,8.59,200,450,4
6.22,141.29,31.08,0.27,14.51,18.55,200,450,4
6.24,96.15,27.54,0.17,12.46,4.62,200,450,4
6.39,150.51,31.53,0.3,14.82,21.41,200,450,4
6.86,272.25,32.87,0.61,20.27,43.58,200,500,4
5,312.75,53.58,0.84,16.13,575.41,200,500,4
4.85,310.43,52.42,0.79,17.6,563.26,200,500,4
3.91,212.89,27.91,0.23,46.51,35.56,200,500,4
4.91,317.33,55.36,0.86,14.15,631.89,200,500,4
4.89,310.72,53.39,0.81,16.41,589.43,200,500,4
4.86,313.19,54.79,0.83,14.62,613.31,200,500,4
4.34,111.2,33.21,0.16,14.17,25.66,200,500,4
4.63,105.74,32.9,0.16,13.33,21.44,200,500,4
5.42,24.52,24.95,0.03,4.31,0.04,200,500,4
5.33,351.3,59.25,1.11,10.77,796.96,200,550,4
5.29,341.82,55.55,1,11.9,637.28,200,550,4
5.14,290.21,43.86,0.65,26.52,279.09,200,550,4
5.41,201.96,38.88,0.42,15.49,76.25,200,550,4
5.18,355.28,56.79,1.05,15.21,779.72,200,550,4
5.16,317.92,47.49,0.78,21.36,506.53,200,550,4
5.25,345.84,53.17,0.97,19.01,707.96,200,550,4
5.41,356.68,53.84,1.04,19.05,700.58,200,550,4
10.84,448.9,60.16,2.93,11.73,1235.25,200,600,4
10.51,443.03,61.34,2.86,10.02,1247.46,200,600,4
10.78,444.01,57.41,2.75,12.57,1202.38,200,600,4
11.29,460.24,57.13,2.97,16.58,1462.58,200,600,4
6.74,177.24,32.42,0.39,14.79,20.03,200,600,4
12.98,426.37,39.48,2.19,9.13,74.67,200,650,4
12.72,497.81,67.97,4.3,6.07,5026.15,200,650,4
12.06,484.47,68.53,4,6.22,4056.18,200,650,4
12.31,488.81,68.99,4.15,6.08,4229.91,200,650,4
12.41,491.98,67.64,4.13,6.1,2272.78,200,650,4
12.37,490.56,67.38,4.09,5.96,3204.88,200,650,4
11.75,475.06,66.3,3.7,6.28,2980.76,200,650,4
11.7,457.29,57.23,3.06,13.2,2367.56,200,700,4
11.97,472.44,58.01,3.28,14.57,2515.3,200,700,4
11.76,471.91,57.51,3.19,15.77,3224.08,200,700,4
10.32,436.03,57.64,2.59,13.47,1999.95,200,700,4
10.76,453.04,56.47,2.75,16.36,2552.06,200,700,4
10.46,446.52,55.82,2.61,16.11,1992.21,200,700,4
10.25,447.35,54.58,2.5,18.25,1966.84,200,700,4
9.13,435.18,55.18,2.19,17.32,831.57,200,700,4
8.96,378.17,35.59,1.21,17.08,55.93,200,450,2
5.82,79.71,25.13,0.12,13.45,0.18,200,450,2
5.97,411.4,54.04,1.33,12.11,525.57,200,450,2
6.91,128.24,25.48,0.23,17.65,1.55,200,450,2
6.05,133.55,26.13,0.21,20.31,3.8,200,450,2
6.07,159.52,26.69,0.26,23.1,7.02,200,450,2
6.04,189.8,28.34,0.33,24.92,17.79,200,450,2
6.98,69.64,24.85,0.12,9.61,0.49,200,450,2
12.61,498.32,70.18,4.41,8.11,3689.16,200,500,2
12.63,497.79,68.04,4.28,12.12,3488.8,200,500,2
12.42,493.54,68.25,4.18,11.78,3185.22,200,500,2
9.15,399.01,53.81,1.97,8.84,665.14,200,500,2
6.82,126.77,33.33,0.29,10.96,21.7,200,500,2
7.09,145.82,38.52,0.4,9.4,47.47,200,500,2
7.43,149.73,40.43,0.45,8.17,55.31,200,500,2
13.97,514.91,71.93,5.18,4.41,7501.35,200,550,2
13.66,518.41,71.31,5.05,5.71,8872.11,200,550,2
13.94,519.38,72.7,5.26,4.57,8460.22,200,550,2
13.83,512.96,70.48,5,5.57,7309.23,200,550,2
13.57,506.94,71.51,4.92,3.94,5373.08,200,550,2
13.59,510.09,70.42,4.88,5.19,6021.88,200,550,2
13.74,513.99,73.55,5.2,3.82,8118.63,200,550,2
13.59,483.53,60.14,3.95,6.29,4001.04,200,550,2
13.68,548.51,76.84,5.76,3.95,36090.37,200,600,2
13.77,547.29,77.13,5.81,3.57,18955.41,200,600,2
13.8,543.13,75.41,5.65,3.64,10962.68,200,600,2
12.68,502.11,56.15,3.58,7.36,189.2,200,600,2
11.99,472.8,66.52,3.77,4.77,5742.96,200,600,2
11.35,396.84,59.15,2.67,6.33,2191.22,200,600,2
10.23,282.57,49.6,1.43,8.54,552.07,200,600,2
14.72,562.93,76.48,6.34,3.22,31409.97,200,700,2
14.75,565.71,74.29,6.2,4.17,12532.03,200,700,2
14.66,565.51,74.91,6.21,4.02,69234.36,200,700,2
14.14,550.1,71.02,5.52,5.1,14534.73,200,700,2
13.67,523.32,76.35,5.46,3.28,9004.15,200,700,2
14.02,534.32,76.12,5.7,3.76,18075.18,200,700,2
14.33,544.56,75.79,5.91,4.09,77860.21,200,700,2
13.13,518.54,71.92,4.9,5.28,7083.52,200,700,2
16.47,353.57,25.4,1.48,20.2,1.83,200,450,1
16.94,299.76,25.3,1.28,17.06,0.92,200,450,1
14.33,540.3,53.85,4.17,20.76,9505.88,200,450,1
14.26,535.53,50.12,3.83,24.08,7801.2,200,450,1
14.58,538.05,48.6,3.81,25.12,8838.81,200,450,1
14.66,509.22,45.25,3.38,31.27,2926.67,200,450,1
13.92,434.56,47.6,2.88,8.04,108.38,200,450,1
14.52,447.07,59.65,3.87,6.47,9716.24,200,450,1
14.39,551.63,68.13,5.41,3.88,18432.61,200,500,1
14,511.59,65.49,4.69,4.61,4089.75,200,500,1
13.77,475.23,67.14,4.39,4.5,6129.2,200,500,1
12.54,431.53,58.07,3.14,5.03,858.65,200,500,1
14.54,568.99,78.11,6.46,2.79,3248948,200,500,1
14.54,563.76,76.07,6.23,3.03,31612.66,200,500,1
14.48,569.37,78.21,6.45,2.81,65893.63,200,500,1
13.56,479.41,53.46,3.48,5.34,190.03,200,500,1
14.67,486.6,67.91,4.85,3.79,49536.2,200,550,1
14.63,514.44,69.54,5.23,3.66,12545.02,200,550,1
14.78,515.16,69,5.25,3.69,60393.21,200,550,1
14.61,488.79,67.92,4.85,3.9,21310.39,200,550,1
14.09,383.25,48.39,2.61,6.84,140.98,200,550,1
14.42,457.19,67.46,4.45,3.52,5925.49,200,550,1
14.2,447.16,66.78,4.24,3.63,4131.67,200,550,1
14.18,452.03,63.69,4.08,5.29,4327.76,200,550,1
14.36,569.61,78.34,6.41,2.72,104744.9,200,600,1
14.35,554.09,74.61,5.93,2.96,17739.8,200,600,1
14.32,553.51,75.76,6,2.87,17605.99,200,600,1
13.78,522.39,69.1,4.97,3.02,1758.23,200,600,1
14.49,574.71,78.71,6.55,2.52,42574.2,200,600,1
14.33,571.65,78.61,6.44,2.71,17067.44,200,600,1
14.3,569.04,78.58,6.4,2.64,66796.54,200,600,1
13.88,543.27,53.88,4.06,26.62,4195.96,200,600,1
14.89,384.93,55.77,3.2,6.28,2922.32,200,650,1
14.97,565.69,70.96,6.01,4.57,60764.11,200,650,1
14.99,568.12,72.9,6.21,3.95,28829.6,200,650,1
14.98,547.17,65.97,5.41,4.81,8152.23,200,650,1
14.81,555.82,73.05,6.01,3.5,14950.86,200,650,1
14.92,553.6,70.26,5.8,4.14,15938.88,200,650,1
14.89,568.37,73.72,6.24,5.44,635832.7,200,650,1
14.81,553.06,74.65,6.12,3.6,16942.57,200,650,1
13.09,380.24,26.64,1.33,24.77,7.36,200,700,1
13.16,203.46,39.07,1.05,7.61,43.01,200,700,1
12.03,513.05,71.29,4.4,3.5,4335.99,200,700,1
11.44,510.84,75.68,4.42,3.46,5765.54,200,700,1
14.14,550.1,71.02,5.52,5.1,14534.73,200,450,5
13.67,523.32,76.35,5.46,3.28,9004.15,200,450,5
14.02,534.32,76.12,5.7,3.76,18075.18,200,450,5
14.33,544.56,75.79,5.91,4.09,77860.21,200,450,5
13.13,518.54,71.92,4.9,5.28,7083.52,200,450,5
6.16,219.8,38.31,0.52,18.64,121.52,200,500,5
6.04,219.97,39.08,0.52,18.35,133.47,200,500,5
5.95,221.02,39.82,0.52,18.26,146.3,200,500,5
5.87,222.2,39.82,0.52,18.63,149.96,200,500,5
6.33,213.29,36.36,0.49,18.84,87.22,200,500,5
6.46,211.67,35.35,0.48,19.44,74.16,200,500,5
6.29,215.35,36.25,0.49,19.43,87.58,200,500,5
5.1,215.77,33.13,0.36,27.08,59.71,200,500,5
5.61,213.11,41.14,0.49,17.2,165.88,200,550,5
5.56,207.6,40.83,0.47,21.23,126.2,200,550,5
5.61,214.45,43.29,0.52,15.54,201.9,200,550,5
5.62,215.46,43.44,0.53,15.41,204,200,550,5
5.43,209.31,34.01,0.39,22.5,52.7,200,550,5
4.94,231.12,44.47,0.51,18.15,277.65,200,600,5
5.02,223.71,38.89,0.44,21.85,146.05,200,600,5
5.1,223.73,38.79,0.44,21.46,131.41,200,600,5
4.73,225.59,36.43,0.39,25.54,101.81,200,600,5